{
  "EMS_power_limitation": 1.9961893554708155e-05,
  "EMS_fuzzy_logic": 0.00012553882799061318,
  "EMS_MLP": 0.00015112308674720146,
  "EMS_LSTM": 2.9694096785470516e-06,
  "EMS_LSTM_neurosymbolic": 4.892829299578418e-06,
  "EMS_MLP_neurosymbolic": 0.0002118339729766816,
  "EMS_GNN": 1.996925069608474e-05
}